z,U_0,U_1,U_2
0,0,0,0
0.000336683,0.00651476,0,2.79837e-09
0.000673367,0.0119288,0,6.8774e-09
0.00101005,0.0161965,0,1.15333e-08
0.00134673,0.0193103,0,1.53744e-08
0.00168342,0.0213731,0,1.78368e-08
0.0020201,0.0225999,0,1.90868e-08
0.00235678,0.0232576,0,1.9565e-08
0.00269347,0.0235844,0,1.96615e-08
0.00303015,0.0237437,0,1.96064e-08
0.00336683,0.0238267,0,1.95014e-08
0.00370352,0.0238785,0,1.93759e-08
0.0040402,0.0239196,0,1.9236e-08
0.00437688,0.0239575,0,1.90922e-08
0.00471357,0.0239937,0,1.89513e-08
0.00505025,0.0240284,0,1.881e-08
0.00538693,0.0240616,0,1.86654e-08
0.00572362,0.0240934,0,1.85181e-08
0.0060603,0.0241236,0,1.83693e-08
0.00639698,0.0241524,0,1.822e-08
0.00673367,0.0241798,0,1.80708e-08
0.00707035,0.0242058,0,1.7922e-08
0.00740704,0.0242305,0,1.77739e-08
0.00774372,0.024254,0,1.76267e-08
0.0080804,0.0242761,0,1.74805e-08
0.00841709,0.024297,0,1.73357e-08
0.00875377,0.0243168,0,1.71922e-08
0.00909045,0.0243354,0,1.70503e-08
0.00942714,0.024353,0,1.69101e-08
0.00976382,0.0243695,0,1.67716e-08
0.0101005,0.024385,0,1.66349e-08
0.0104372,0.0243995,0,1.65002e-08
0.0107739,0.0244131,0,1.63675e-08
0.0111106,0.0244258,0,1.62369e-08
0.0114472,0.0244377,0,1.61083e-08
0.0117839,0.0244487,0,1.59819e-08
0.0121206,0.024459,0,1.58577e-08
0.0124573,0.0244686,0,1.57357e-08
0.012794,0.0244775,0,1.56159e-08
0.0131307,0.0244858,0,1.54984e-08
0.0134673,0.0244934,0,1.53832e-08
0.013804,0.0245005,0,1.52702e-08
0.0141407,0.024507,0,1.51595e-08
0.0144774,0.0245131,0,1.50511e-08
0.0148141,0.0245186,0,1.49449e-08
0.0151508,0.0245237,0,1.4841e-08
0.0154874,0.0245284,0,1.47394e-08
0.0158241,0.0245327,0,1.464e-08
0.0161608,0.0245367,0,1.45429e-08
0.0164975,0.0245403,0,1.4448e-08
0.0168342,0.0245436,0,1.43553e-08
0.0171709,0.0245466,0,1.42648e-08
0.0175075,0.0245493,0,1.41765e-08
0.0178442,0.0245517,0,1.40904e-08
0.0181809,0.024554,0,1.40063e-08
0.0185176,0.024556,0,1.39244e-08
0.0188543,0.0245579,0,1.38446e-08
0.019191,0.0245595,0,1.37669e-08
0.0195276,0.024561,0,1.36913e-08
0.0198643,0.0245623,0,1.36176e-08
0.020201,0.0245635,0,1.3546e-08
0.0205377,0.0245647,0,1.34763e-08
0.0208744,0.0245656,0,1.34086e-08
0.0212111,0.0245665,0,1.33428e-08
0.0215477,0.0245672,0,1.32789e-08
0.0218844,0.024568,0,1.32169e-08
0.0222211,0.0245686,0,1.31567e-08
0.0225578,0.0245691,0,1.30983e-08
0.0228945,0.0245695,0,1.30416e-08
0.0232312,0.0245699,0,1.29867e-08
0.0235678,0.0245703,0,1.29335e-08
0.0239045,0.0245707,0,1.28818e-08
0.0242412,0.0245709,0,1.28317e-08
0.0245779,0.0245712,0,1.27832e-08
0.0249146,0.0245714,0,1.27362e-08
0.0252513,0.0245716,0,1.26906e-08
0.0255879,0.0245718,0,1.26464e-08
0.0259246,0.0245719,0,1.26035e-08
0.0262613,0.024572,0,1.25618e-08
0.026598,0.0245721,0,1.25213e-08
0.0269347,0.0245721,0,1.2482e-08
0.0272714,0.0245722,0,1.24436e-08
0.027608,0.0245723,0,1.24062e-08
0.0279447,0.0245723,0,1.23697e-08
0.0282814,0.0245723,0,1.2334e-08
0.0286181,0.0245723,0,1.22989e-08
0.0289548,0.0245724,0,1.22644e-08
0.0292915,0.0245724,0,1.22304e-08
0.0296281,0.0245724,0,1.21967e-08
0.0299648,0.0245724,0,1.21633e-08
0.0303015,0.0245724,0,1.213e-08
0.0306382,0.0245723,0,1.20965e-08
0.0309749,0.0245723,0,1.20621e-08
0.0313116,0.0245723,0,1.20255e-08
0.0316482,0.0245723,0,1.19833e-08
0.0319849,0.0245723,0,1.19313e-08
0.0323216,0.0245723,0,1.18681e-08
0.0326583,0.0245722,0,1.18066e-08
0.032995,0.0245722,0,1.17806e-08
0.0333317,0.0245721,0,1.17888e-08
0.0336683,0.0195144,0,1.17254e-08
0.034005,0.00839169,0,1.14845e-08
0.0343417,0.00133107,0,1.12103e-08
0.0346784,0.000141551,0,1.10648e-08
0.0350151,2.28238e-05,0,1.09611e-08
0.0353518,1.45041e-05,0,1.08465e-08
0.0356884,1.40782e-05,0,1.07375e-08
0.0360251,1.40837e-05,0,1.0627e-08
0.0363618,1.4108e-05,0,1.05169e-08
0.0366985,1.41325e-05,0,1.04069e-08
0.0370352,1.41566e-05,0,1.02969e-08
0.0373719,1.41804e-05,0,1.01868e-08
0.0377085,1.42036e-05,0,1.00766e-08
0.0380452,1.42265e-05,0,9.96646e-09
0.0383819,1.4249e-05,0,9.85634e-09
0.0387186,1.4271e-05,0,9.74629e-09
0.0390553,1.42926e-05,0,9.63632e-09
0.039392,1.43137e-05,0,9.52648e-09
0.0397286,1.43345e-05,0,9.41681e-09
0.0400653,1.43548e-05,0,9.30735e-09
0.040402,1.43747e-05,0,9.19814e-09
0.0407387,1.43941e-05,0,9.08923e-09
0.0410754,1.44131e-05,0,8.98063e-09
0.0414121,1.44317e-05,0,8.87241e-09
0.0417487,1.44499e-05,0,8.76465e-09
0.0420854,1.44676e-05,0,8.65736e-09
0.0424221,1.4485e-05,0,8.55055e-09
0.0427588,1.45019e-05,0,8.44425e-09
0.0430955,1.45183e-05,0,8.3385e-09
0.0434322,1.45343e-05,0,8.23333e-09
0.0437688,1.45499e-05,0,8.12879e-09
0.0441055,1.45651e-05,0,8.02488e-09
0.0444422,1.45798e-05,0,7.92162e-09
0.0447789,1.45941e-05,0,7.81901e-09
0.0451156,1.4608e-05,0,7.71708e-09
0.0454523,1.46214e-05,0,7.61586e-09
0.0457889,1.46345e-05,0,7.51534e-09
0.0461256,1.46471e-05,0,7.41553e-09
0.0464623,1.46592e-05,0,7.31641e-09
0.046799,1.4671e-05,0,7.21799e-09
0.0471357,1.46823e-05,0,7.12028e-09
0.0474724,1.46932e-05,0,7.02331e-09
0.047809,1.47036e-05,0,6.92705e-09
0.0481457,1.47137e-05,0,6.83148e-09
0.0484824,1.47232e-05,0,6.73657e-09
0.0488191,1.47324e-05,0,6.64232e-09
0.0491558,1.47412e-05,0,6.54877e-09
0.0494925,1.47495e-05,0,6.45588e-09
0.0498291,1.47574e-05,0,6.36359e-09
0.0501658,1.47649e-05,0,6.27193e-09
0.0505025,1.47719e-05,0,6.18085e-09
0.0508392,1.47785e-05,0,6.09033e-09
0.0511759,1.47847e-05,0,6.00037e-09
0.0515126,1.47905e-05,0,5.91091e-09
0.0518492,1.47958e-05,0,5.82192e-09
0.0521859,1.48008e-05,0,5.73339e-09
0.0525226,1.48053e-05,0,5.64524e-09
0.0528593,1.48094e-05,0,5.55746e-09
0.053196,1.48131e-05,0,5.47e-09
0.0535327,1.48163e-05,0,5.3828e-09
0.0538693,1.48192e-05,0,5.29582e-09
0.054206,1.48216e-05,0,5.20899e-09
0.0545427,1.48236e-05,0,5.12227e-09
0.0548794,1.48252e-05,0,5.03558e-09
0.0552161,1.48263e-05,0,4.94886e-09
0.0555528,1.48271e-05,0,4.86204e-09
0.0558894,1.48274e-05,0,4.77505e-09
0.0562261,1.48273e-05,0,4.68781e-09
0.0565628,1.48269e-05,0,4.60023e-09
0.0568995,1.4826e-05,0,4.51225e-09
0.0572362,1.48247e-05,0,4.42376e-09
0.0575729,1.48229e-05,0,4.33471e-09
0.0579095,1.48208e-05,0,4.24499e-09
0.0582462,1.48183e-05,0,4.15452e-09
0.0585829,1.48153e-05,0,4.06325e-09
0.0589196,1.4812e-05,0,3.97107e-09
0.0592563,1.48082e-05,0,3.87792e-09
0.059593,1.4804e-05,0,3.78375e-09
0.0599296,1.47995e-05,0,3.68849e-09
0.0602663,1.47945e-05,0,3.59208e-09
0.060603,1.47892e-05,0,3.49453e-09
0.0609397,1.47834e-05,0,3.39584e-09
0.0612764,1.47772e-05,0,3.296e-09
0.0616131,1.47707e-05,0,3.19503e-09
0.0619497,1.47637e-05,0,3.09305e-09
0.0622864,1.47564e-05,0,2.99011e-09
0.0626231,1.47486e-05,0,2.8863e-09
0.0629598,1.47405e-05,0,2.78184e-09
0.0632965,1.4732e-05,0,2.67688e-09
0.0636332,1.4723e-05,0,2.57166e-09
0.0639698,1.47137e-05,0,2.46646e-09
0.0643065,1.47041e-05,0,2.3615e-09
0.0646432,1.4694e-05,0,2.25715e-09
0.0649799,1.46836e-05,0,2.1537e-09
0.0653166,1.46727e-05,0,2.05136e-09
0.0656533,1.46615e-05,0,1.95064e-09
0.0659899,1.465e-05,0,1.85321e-09
0.0663266,1.46387e-05,0,1.76364e-09
0.0666633,1.46262e-05,0,1.66544e-09
0.067,1.4523e-05,0,8.56283e-10
